"match_id","date","team1","team2","winner","to_runs_pct","mo_runs_pct","to_mins_pct","mo_mins_pct","to_bf_pct","mo_bf_pct","pct_4s","pct_6s","to_sr","mo_sr","bowlers_used","pct_mdns","wkts","econ","mov"
65235,"2003-02-09","West Indies","South Africa","West Indies",0.446969696969697,0.553030303030303,0.521541950113379,0.478458049886621,0.5625,0.4375,0.378787878787879,0.113636363636364,32.03,148.05,6,0.0408163265306122,9,5.68666666666667,0.011
65237,"2003-02-10","Sri Lanka","New Zealand","Sri Lanka",0.81496062992126,0.149606299212598,0.855450236966825,0.113744075829384,0.81578947368421,0.151315789473684,0.330708661417323,0,69.23,75.09,7,0.0441501103752759,9,4.89285714285714,0.184
65238,"2003-02-11","Australia","Pakistan","Australia",0.290322580645161,0.594982078853047,0.438799076212471,0.457274826789838,0.361563517915309,0.543973941368078,0.473118279569892,0.043010752688172,59.43,56.35,5,0.0677200902934537,10,4.836,0.293
65239,"2003-02-11","Canada","Bangladesh","Canada",0.382165605095541,0.375796178343949,0.317258883248731,0.390862944162437,0.276094276094276,0.437710437710438,0.43312101910828,0.0764331210191083,74.98,29.14,4,0.178571428571429,10,4.2275,0.38
65240,"2003-02-12","Kenya","South Africa","South Africa",0.496,0.4,0.378048780487805,0.515243902439024,0.422413793103448,0.491379310344828,0.32,0.096,36.08,39.59,6,0.0943396226415094,0,7.265,-0.573
65241,"2003-02-12","India","Netherlands","India",0.341968911917098,0.544041450777202,0.356265356265356,0.577395577395577,0.384353741496599,0.557823129251701,0.269430051813472,0.0310880829015544,54.63,59.84,7,0.0831600831600832,10,2.62,0.351
65242,"2003-02-13","New Zealand","West Indies","New Zealand",0.373333333333333,0.311111111111111,0.423173803526448,0.340050377833753,0.397350993377483,0.347682119205298,0.337777777777778,0.106666666666667,72.57,63.38,7,0.101214574898785,8,6.56428571428571,0.088
65244,"2003-02-15","India","Australia","Australia",0.44954128440367,0.137614678899083,0.451790633608815,0.261707988980716,0.334661354581673,0.342629482071713,0.403669724770642,0.055045871559633,67.95,10.98,4,0,1,5.775,-0.553
65245,"2003-02-15","Canada","Kenya","Kenya",0.243386243386243,0.576719576719577,0.25,0.604591836734694,0.233898305084746,0.63728813559322,0.35978835978836,0.19047619047619,58.76,45.72,6,0.124223602484472,6,4.24666666666667,-0.03
65246,"2003-02-16","Netherlands","England","England",0.150793650793651,0.555555555555556,0.295843520782396,0.501222493887531,0.281456953642384,0.47682119205298,0.444444444444444,0,22.28,26.56,6,0,4,6.68,-0.42
65247,"2003-02-16","Pakistan","Namibia","Pakistan",0.489270386266094,0.44206008583691,0.590452261306533,0.364321608040201,0.578073089700997,0.378737541528239,0.377682403433476,0,66.83,91.92,3,0.114942528735632,10,3.45333333333333,0.731
65250,"2003-02-19","India","Zimbabwe","India",0.542016806722689,0.390756302521008,0.58679706601467,0.39119804400978,0.555183946488294,0.40133779264214,0.352941176470588,0.0504201680672269,72.06,67.25,7,0.045045045045045,10,3.85857142857143,0.347
65251,"2003-02-19","Canada","Sri Lanka","Sri Lanka",0.290322580645161,0.32258064516129,0.3,0.258823529411765,0.345132743362832,0.221238938053097,0.645161290322581,0,12,20.09,2,0,1,7.875,-0.825
65252,"2003-02-19","England","Namibia","England",0.295454545454545,0.511363636363636,0.347715736040609,0.510152284263959,0.316831683168317,0.557755775577558,0.393939393939394,0.0909090909090909,71.88,81.8,6,0.08,8,4.30166666666667,0.208
65254,"2003-02-22","Bangladesh","South Africa","South Africa",0.102272727272727,0.579545454545455,0.236760124610592,0.529595015576324,0.237442922374429,0.547945205479452,0.318181818181818,0.0681818181818182,23.33,43.17,5,0,0,9.5,-0.76
65255,"2003-02-22","England","Pakistan","England",0.291845493562232,0.55793991416309,0.347222222222222,0.50462962962963,0.337704918032787,0.504918032786885,0.360515021459227,0.0515021459227468,47.97,83.98,4,0.129032258064516,10,4.365,0.479
65256,"2003-02-23","Canada","West Indies","West Indies",0.768421052631579,0.221052631578947,0.568047337278107,0.375739644970414,0.513307984790874,0.44106463878327,0.31578947368421,0.221052631578947,89.7,35.27,6,0,3,11.85,-0.546
65257,"2003-02-23","India","Namibia","India",0.976271186440678,0.023728813559322,0.968446601941748,0.0315533980582524,0.976744186046512,0.0232558139534884,0.393220338983051,0.0813559322033898,98.26,100,7,0.0954653937947494,10,2.62142857142857,0.611
65258,"2003-02-24","Kenya","Sri Lanka","Kenya",0.395604395604396,0.373626373626374,0.403022670025189,0.425692695214106,0.364238410596026,0.45364238410596,0.395604395604396,0.0659340659340659,41.77,47.74,6,0.0444444444444444,10,3.50166666666667,0.29
65259,"2003-02-24","Zimbabwe","Australia","Australia",0.314655172413793,0.323275862068966,0.379474940334129,0.479713603818616,0.398026315789474,0.4375,0.448275862068966,0.0775862068965517,42.15,41.52,6,0.0211416490486258,3,5.52,-0.05
65260,"2003-02-25","Pakistan","Netherlands","Pakistan",0.504201680672269,0.365546218487395,0.526717557251908,0.346055979643766,0.57,0.31,0.319327731092437,0.0252100840336134,69.92,66.43,6,0.127226463104326,10,3.545,0.406
65261,"2003-02-26","Bangladesh","New Zealand","New Zealand",0.388888888888889,0.316666666666667,0.41866028708134,0.38755980861244,0.386138613861386,0.37953795379538,0.377777777777778,0.1,50.41,34.98,6,0.03003003003003,3,6.45166666666667,-0.33
65262,"2003-02-26","India","England","India",0.394849785407725,0.605150214592275,0.422374429223744,0.561643835616438,0.392739273927393,0.600660066006601,0.412017167381974,0.0772532188841202,75.15,82.11,5,0.0662251655629139,9,3.742,0.35
65263,"2003-02-27","Australia","Namibia","Australia",0.41696113074205,0.515901060070671,0.486979166666667,0.442708333333333,0.450657894736842,0.50328947368421,0.339222614840989,0.169611307420495,73.37,86.79,3,0.428571428571429,10,2.15666666666667,0.901
65264,"2003-02-27","South Africa","Canada","South Africa",0.293388429752066,0.553719008264463,0.36231884057971,0.528985507246377,0.338870431893688,0.601328903654485,0.31404958677686,0.0991735537190083,41.39,72.56,7,0.24,5,3.54142857142857,0.486
65265,"2003-02-28","Zimbabwe","Netherlands","Zimbabwe",0.40893470790378,0.563573883161512,0.495169082125604,0.483091787439614,0.516666666666667,0.46,0.426116838487972,0.0412371134020619,80.72,127.94,6,0.14,8,3.81666666666667,0.339
65266,"2003-02-28","Sri Lanka","West Indies","Sri Lanka",0.492957746478873,0.375586854460094,0.621103117505995,0.316546762589928,0.577557755775578,0.33993399339934,0.31924882629108,0,52.37,78.38,6,0.1,8,4.61333333333333,0.028
65267,"2003-03-01","Kenya","Bangladesh","Kenya",0.339901477832512,0.541871921182266,0.42051282051282,0.502564102564103,0.39,0.526666666666667,0.413793103448276,0.0295566502463054,40.61,67.53,7,0.0211864406779661,10,3.76714285714286,0.157
65268,"2003-03-01","Pakistan","India","India",0.548780487804878,0.292682926829268,0.619266055045872,0.272935779816514,0.611111111111111,0.287581699346405,0.357723577235772,0,63.42,119.24,5,0,4,5.938,-0.087
65269,"2003-03-02","England","Australia","Australia",0.355670103092784,0.525773195876289,0.27930174563591,0.566084788029925,0.243421052631579,0.62828947368421,0.309278350515464,0.0927835051546392,77.89,50.52,6,0.101214574898785,7,4.19833333333333,-0.007
65270,"2003-03-03","Canada","New Zealand","New Zealand",0.450549450549451,0.285714285714286,0.317258883248731,0.393401015228426,0.321554770318021,0.402826855123675,0.483516483516484,0.131868131868132,55.87,46.17,5,0,4,9.794,-0.312
65271,"2003-03-03","Netherlands","Namibia","Netherlands",0.926573426573427,0.0734265734265734,0.931279620853081,0.0687203791469194,0.94078947368421,0.0592105263157895,0.265734265734266,0.167832167832168,85.25,77.14,6,0,10,5.38,0.223
65275,"2003-03-07","Australia","Sri Lanka","Australia",0.775577557755776,0.224422442244224,0.740196078431373,0.259803921568627,0.762376237623762,0.237623762376238,0.36963696369637,0.118811881188119,93.93,114.08,6,0.0843881856540084,8,4.44833333333333,0.316
65276,"2003-03-07","Kenya","India","India",0.555023923444976,0.392344497607655,0.643540669856459,0.334928229665072,0.656666666666667,0.323333333333333,0.287081339712919,0.0574162679425837,50.53,96.71,7,0.105263157894737,4,5.10428571428571,-0.043
65277,"2003-03-08","Zimbabwe","New Zealand","New Zealand",0.293859649122807,0.254385964912281,0.413793103448276,0.310344827586207,0.370860927152318,0.304635761589404,0.385964912280702,0.105263157894737,40.22,40.94,6,0,4,5.53333333333333,-0.053
65278,"2003-03-10","India","Sri Lanka","India",0.784386617100372,0.189591078066914,0.810551558752998,0.172661870503597,0.821782178217822,0.161716171617162,0.267657992565056,0.156133828996283,86.08,110.26,3,0.0869565217391304,10,4.53,0.678
65279,"2003-03-11","Australia","New Zealand","Australia",0.125,0.455,0.151079136690647,0.585131894484412,0.145214521452145,0.518151815181518,0.34,0.12,48.33,40.62,5,0.199335548172757,10,3.398,0.478
65280,"2003-03-12","Zimbabwe","Kenya","Kenya",0.595238095238095,0.214285714285714,0.518617021276596,0.242021276595745,0.49812734082397,0.243445692883895,0.285714285714286,0,53.93,41.87,6,0.0769230769230769,2,5.985,-0.48
65281,"2003-03-14","New Zealand","India","India",0.225563909774436,0.421052631578947,0.237837837837838,0.421621621621622,0.225454545454545,0.363636363636364,0.390977443609023,0,16.95,54.82,7,0.123762376237624,3,3.52428571428571,-0.187
65282,"2003-03-15","Sri Lanka","Zimbabwe","Sri Lanka",0.697478991596639,0.302521008403361,0.79951690821256,0.20048309178744,0.776666666666667,0.223333333333333,0.302521008403361,0,65.74,97.87,6,0.0240963855421687,10,4.14166666666667,0.31
65283,"2003-03-15","Kenya","Australia","Australia",0.299363057324841,0.592356687898089,0.316425120772947,0.608695652173913,0.318936877076412,0.601328903654485,0.331210191082803,0.0382165605095541,21.25,38.42,5,0.192307692307692,5,7.398,-0.312
65285,"2003-03-20","India","Kenya","India",0.876447876447876,0.123552123552124,0.879545454545455,0.120454545454545,0.897350993377483,0.102649006622517,0.216216216216216,0.162162162162162,79.48,111.67,7,0.12987012987013,9,3.66,0.35
65286,"2003-03-23","Australia","India","Australia",0.726708074534162,0.273291925465839,0.726161369193154,0.273838630806846,0.726384364820847,0.273615635179153,0.298136645962733,0.186335403726708,100.99,104.76,6,0.0255102040816327,9,5.82666666666667,0.387
247457,"2007-03-13","West Indies","Pakistan","West Indies",0.304347826086957,0.508695652173913,0.487562189054726,0.442786069651741,0.442244224422442,0.485148514851485,0.4,0.182608695652174,46.29,68.8,5,0.10593220338983,10,3.9,0.234
247458,"2007-03-14","Australia","Scotland","Australia",0.673846153846154,0.203076923076923,0.689727463312369,0.278825995807128,0.73421926910299,0.215946843853821,0.393846153846154,0.166153846153846,95.77,102.22,6,0.0997506234413965,7,2.93,0.623
247460,"2007-03-15","Bermuda","Sri Lanka","Sri Lanka",0.470790378006873,0.52233676975945,0.582191780821918,0.410958904109589,0.522435897435897,0.474358974358974,0.329896907216495,0.0618556701030928,80.96,118.44,4,0.245901639344262,10,2.8275,0.832
247461,"2007-03-15","Ireland","Zimbabwe",NA,0.644549763033175,0.18957345971564,0.6036866359447,0.230414746543779,0.562913907284768,0.291390728476821,0.417061611374408,0.0568720379146919,53.9,32.08,7,0.16,7,4.50428571428571,0
247462,"2007-03-16","Netherlands","South Africa","South Africa",0.570175438596491,0.429824561403509,0.740506329113924,0.259493670886076,0.705394190871369,0.294605809128631,0.350877192982456,0.31578947368421,76.99,210.96,7,0.125,6,3.28285714285714,0.644
247463,"2007-03-16","England","New Zealand","New Zealand",0.158163265306122,0.479591836734694,0.261501210653753,0.48910411622276,0.237785016286645,0.517915309446254,0.306122448979592,0.0612244897959184,25.44,36.9,7,0.024390243902439,4,4.82,-0.18
247464,"2007-03-17","Bangladesh","India","Bangladesh",0.44,0.388571428571429,0.532663316582915,0.341708542713568,0.5,0.37828947368421,0.297142857142857,0.0342857142857143,45.81,39.49,7,0.082815734989648,5,3.89857142857143,-0.03
247466,"2007-03-18","Australia","Netherlands","Australia",0.321533923303835,0.678466076696165,0.399002493765586,0.600997506234414,0.397350993377483,0.602649006622517,0.40117994100295,0.230088495575221,92.96,149.4,4,0.0377358490566038,9,4.6375,0.674
247467,"2007-03-18","Canada","England","England",0.534615384615385,0.376923076923077,0.67989417989418,0.293650793650794,0.691803278688525,0.281967213114754,0.384615384615385,0.0692307692307692,66,100.2,6,0.04,6,4.82166666666667,0.195
247468,"2007-03-19","Bermuda","India","India",0.539267015706806,0.460732984293194,0.681395348837209,0.318604651162791,0.667752442996743,0.332247557003257,0.31413612565445,0.282722513089005,94.7,210.74,6,0.0696055684454756,10,2.94,0.671
247469,"2007-03-19","West Indies","Zimbabwe","West Indies",0.0726256983240224,0.927374301675978,0.134770889487871,0.865229110512129,0.116666666666667,0.883333333333333,0.379888268156425,0.0335195530726257,19.7,70.89,6,0.0842105263157895,4,4.29833333333333,-0.043
247470,"2007-03-20","Scotland","South Africa","South Africa",0.390804597701149,0.373563218390805,0.430875576036866,0.451612903225806,0.421926910299003,0.425249169435216,0.390804597701149,0.103448275862069,51.98,38.96,6,0,3,8.16166666666667,-0.533
247471,"2007-03-20","Kenya","New Zealand","New Zealand",0.480132450331126,0.473509933774834,0.570754716981132,0.410377358490566,0.56578947368421,0.411184210526316,0.304635761589404,0.23841059602649,59.26,91.54,6,0.0813008130081301,7,3.75166666666667,0.488
247474,"2007-03-22","Netherlands","Scotland","Netherlands",0.181818181818182,0.388429752066116,0.232727272727273,0.4,0.260869565217391,0.386473429951691,0.59504132231405,0.0991735537190083,27.75,42.29,6,0.0851063829787234,2,5.685,-0.523
247475,"2007-03-22","Canada","New Zealand","New Zealand",0.631268436578171,0.368731563421829,0.803970223325062,0.196029776674938,0.764900662251656,0.235099337748344,0.342182890855457,0.194690265486726,94.94,177.15,7,0.0203252032520325,8,5.04428571428571,0.335
247476,"2007-03-23","India","Sri Lanka","Sri Lanka",0.33920704845815,0.577092511013216,0.47136563876652,0.491189427312775,0.440397350993377,0.519867549668874,0.387665198237885,0.026431718061674,44.06,92.11,6,0.046189376443418,9,3.875,0.303
247478,"2007-03-24","Australia","South Africa","Australia",0.644628099173554,0.355371900826446,0.67991169977925,0.320088300220751,0.667774086378738,0.332225913621262,0.440771349862259,0.181818181818182,116.17,145.83,6,0.0208333333333333,9,6.46166666666667,0.228
247479,"2007-03-24","England","Kenya","England",0.2,0.580645161290323,0.355555555555556,0.463888888888889,0.320754716981132,0.467924528301887,0.387096774193548,0,37.84,47.91,8,0,3,5.33875,-0.2
247481,"2007-03-27","West Indies","Australia","Australia",0.664451827242525,0.318936877076412,0.623348017621145,0.348017621145374,0.62046204620462,0.35973597359736,0.358803986710963,0.119601328903654,95.16,84.09,6,0.0441501103752759,10,5.065,0.341
247482,"2007-03-28","South Africa","Sri Lanka","South Africa",0.248756218905473,0.721393034825871,0.252380952380952,0.697619047619048,0.238255033557047,0.718120805369127,0.358208955223881,0,75.76,62.95,6,0.020746887966805,9,4.33833333333333,-0.033
247483,"2007-03-29","West Indies","New Zealand","New Zealand",0.398809523809524,0.470238095238095,0.447513812154696,0.422651933701657,0.414179104477612,0.444029850746269,0.380952380952381,0.0357142857142857,54.41,63.42,6,0.0510204081632653,2,4.665,-0.213
247484,"2007-03-30","England","Ireland","England",0.153225806451613,0.806451612903226,0.288372093023256,0.688372093023256,0.303630363036304,0.67986798679868,0.354838709677419,0.0967741935483871,36.01,101.97,6,0.103950103950104,9,4.61833333333333,0.193
247485,"2007-03-31","Australia","Bangladesh","Australia",0.154639175257732,0.824742268041237,0.232558139534884,0.755813953488372,0.189393939393939,0.787878787878788,0.164948453608247,0.123711340206186,67.85,86.83,6,0,0,8.69166666666667,-0.163
247486,"2007-04-01","West Indies","Sri Lanka","Sri Lanka",0.467625899280576,0.532374100719424,0.483660130718954,0.516339869281046,0.442622950819672,0.557377049180328,0.23021582733813,0.151079136690647,72.4,106,7,0.090293453724605,9,4.09285714285714,0.405
247487,"2007-04-02","Bangladesh","New Zealand","New Zealand",0.496815286624204,0.235668789808917,0.506631299734748,0.259946949602122,0.494845360824742,0.257731958762887,0.331210191082803,0.0764331210191083,55.35,35.33,6,0,1,9.02,-0.413
247489,"2007-04-04","England","Sri Lanka","Sri Lanka",0.477064220183486,0.477064220183486,0.546318289786223,0.415676959619952,0.532894736842105,0.414473684210526,0.275229357798165,0.0275229357798165,69.28,82.05,6,0.08,7,4.50666666666667,0.009
247490,"2007-04-07","Bangladesh","South Africa","Bangladesh",0.26431718061674,0.60352422907489,0.385150812064965,0.538283062645012,0.373770491803279,0.544262295081967,0.458149779735683,0.079295154185022,47.19,66.42,5,0.0619834710743802,8,3.756,0.294
247491,"2007-04-08","Australia","England","Australia",0.388646288209607,0.572052401746725,0.356459330143541,0.593301435406699,0.358803986710963,0.604651162790698,0.314410480349345,0.0524017467248908,72.68,51.16,5,0.0635593220338983,2,5.14,-0.053
247492,"2007-04-09","Ireland","New Zealand","New Zealand",0.441295546558704,0.40080971659919,0.485915492957746,0.424882629107981,0.473333333333333,0.43,0.307692307692308,0.0728744939271255,80.85,77.8,6,0.133689839572193,9,3.67,0.52
247493,"2007-04-10","West Indies","South Africa","South Africa",0.674351585014409,0.325648414985591,0.772727272727273,0.227272727272727,0.790697674418605,0.209302325581395,0.276657060518732,0.24207492795389,79.43,189.29,6,0.02,8,6.06,0.193
247494,"2007-04-11","Bangladesh","England","England",0.1640625,0.5859375,0.182352941176471,0.547058823529412,0.190265486725664,0.517699115044248,0.46875,0.046875,62.17,85.07,5,0.224719101123595,6,3.024,-0.103
247495,"2007-04-12","New Zealand","Sri Lanka","Sri Lanka",0.138613861386139,0.712871287128713,0.247572815533981,0.643203883495146,0.19672131147541,0.691803278688525,0.237623762376238,0.0594059405940594,17.28,50.97,6,0.0443458980044346,4,4.80666666666667,-0.097
247496,"2007-04-13","Australia","Ireland","Australia",0.0266666666666667,0.52,0.135338345864662,0.421052631578947,0.121546961325967,0.392265193370166,0.373333333333333,0,19.7,40.5,5,0,1,7.906,-0.753
247497,"2007-04-14","New Zealand","South Africa","New Zealand",0.126373626373626,0.736263736263736,0.237373737373737,0.684343434343434,0.239202657807309,0.677740863787375,0.175824175824176,0.0989010989010989,16.36,70.47,6,0,5,4.09166666666667,-0.033
247498,"2007-04-15","Bangladesh","Ireland","Ireland",0.55,0.418181818181818,0.689411764705882,0.289411764705882,0.704918032786885,0.278688524590164,0.181818181818182,0.0818181818181818,54.11,102.74,5,0.0485436893203883,9,4.078,0.335
247499,"2007-04-16","Australia","Sri Lanka","Australia",0.0869565217391304,0.705314009661836,0.145631067961165,0.679611650485437,0.12624584717608,0.72093023255814,0.328502415458937,0.0869565217391304,42.42,57.49,7,0.0235849056603774,3,5.34142857142857,-0.147
247500,"2007-04-17","England","South Africa","South Africa",0.507246376811594,0.471014492753623,0.462264150943396,0.412735849056604,0.439862542955326,0.43298969072165,0.376811594202899,0.0434782608695652,47.94,46,5,0,1,8.34,-0.613
247501,"2007-04-18","Ireland","Sri Lanka","Sri Lanka",0.544117647058823,0.0882352941176471,0.472803347280335,0.259414225941423,0.488095238095238,0.208333333333333,0.470588235294118,0.0882352941176471,34.1,16.07,5,0,2,6.932,-0.611
247502,"2007-04-19","West Indies","Bangladesh","West Indies",0.254545454545455,0.745454545454545,0.420398009950249,0.579601990049751,0.36,0.64,0.236363636363636,0.109090909090909,36.52,92.57,5,0.0919540229885057,9,2.89,0.448
247503,"2007-04-20","Australia","New Zealand","Australia",0.512048192771084,0.487951807228916,0.55726872246696,0.436123348017621,0.554838709677419,0.445161290322581,0.373493975903614,0.108433734939759,82.43,115.62,5,0.0392156862745098,10,5.314,0.646
247504,"2007-04-21","West Indies","England","England",0.560283687943262,0.358156028368794,0.615894039735099,0.304635761589404,0.599337748344371,0.321192052980132,0.468085106382979,0.0851063829787234,99.87,93.4,6,0.0404040404040404,6,5.62833333333333,-0.003
247505,"2007-04-24","New Zealand","Sri Lanka","Sri Lanka",0.338235294117647,0.661764705882353,0.402325581395349,0.597674418604651,0.4,0.6,0.382352941176471,0.110294117647059,52.72,95.06,6,0.072463768115942,10,5.005,0.297
247506,"2007-04-25","Australia","South Africa","Australia",0.166666666666667,0.666666666666667,0.158031088082902,0.603626943005181,0.182509505703422,0.543726235741445,0.515151515151515,0.0454545454545455,46.55,33.36,6,0.0958466453674121,3,4.315,-0.37
433558,"2011-02-19","Bangladesh","India","India",0.691428571428571,0.308571428571429,0.704326923076923,0.295673076923077,0.691029900332226,0.308970099667774,0.331428571428571,0.12,107.18,100.24,6,0,8,5.93666666666667,0.248
433559,"2011-02-20","Kenya","New Zealand","New Zealand",0.610169491525424,0.35593220338983,0.524271844660194,0.393203883495146,0.555555555555556,0.326388888888889,0.271186440677966,0,47.78,49.68,4,0,0,8.2075,-0.84
433560,"2011-02-20","Sri Lanka","Canada","Sri Lanka",0.503125,0.41875,0.607929515418502,0.356828193832599,0.588039867109635,0.368770764119601,0.4125,0.0375,83.92,105.34,6,0.136986301369863,10,2.89833333333333,0.654
433561,"2011-02-21","Australia","Zimbabwe","Australia",0.548387096774194,0.423387096774194,0.61436170212766,0.372340425531915,0.646666666666667,0.343333333333333,0.290322580645161,0.0725806451612903,69.19,154.14,7,0.108225108225108,10,3.38285714285714,0.365
433562,"2011-02-22","England","Netherlands","England",0.327402135231317,0.651245551601424,0.362385321100917,0.612385321100917,0.405940594059406,0.577557755775578,0.384341637010676,0.0640569395017794,81.46,88.58,6,0,4,6.21,-0.027
433563,"2011-02-23","Kenya","Pakistan","Pakistan",0.239852398523985,0.712177121771218,0.314606741573034,0.633707865168539,0.343137254901961,0.627450980392157,0.280442804428044,0.0664206642066421,44.21,120.09,6,0.211480362537764,8,3.425,0.754
433564,"2011-02-24","South Africa","West Indies","South Africa",0.536231884057971,0.42512077294686,0.5,0.403465346534653,0.498245614035088,0.435087719298246,0.289855072463768,0.144927536231884,72.94,61.64,7,0,3,5.13285714285714,-0.143
433565,"2011-02-25","Australia","New Zealand","Australia",0.28021978021978,0.159340659340659,0.281795511221945,0.276807980049875,0.249084249084249,0.278388278388278,0.461538461538462,0,84.66,19.65,6,0.0588235294117647,3,6.11666666666667,-0.32
433566,"2011-02-25","Bangladesh","Ireland","Bangladesh",0.304123711340206,0.469072164948454,0.218978102189781,0.506082725060827,0.212121212121212,0.542087542087542,0.371134020618557,0,79.94,51.57,6,0.0444444444444444,10,3.755,0.138
433567,"2011-02-26","Sri Lanka","Pakistan","Pakistan",0.313432835820896,0.675373134328358,0.363849765258216,0.62206572769953,0.34,0.646666666666667,0.373134328358209,0.0223880597014925,80.33,96.48,6,0.04,9,5.11,0.041
433568,"2011-02-27","India","England",NA,0.637770897832817,0.343653250773994,0.654266958424508,0.301969365426696,0.673333333333333,0.293333333333333,0.43343653250774,0.130030959752322,107.52,143.75,6,0,8,6.645,0
433569,"2011-02-28","Netherlands","West Indies","West Indies",0.527508090614887,0.385113268608414,0.594660194174757,0.313106796116505,0.661129568106312,0.269102990033223,0.427184466019417,0.174757281553398,85.19,126.38,5,0.0319488817891374,10,3.332,0.694
433570,"2011-02-28","Canada","Zimbabwe","Zimbabwe",0.346938775510204,0.445578231292517,0.386792452830189,0.391509433962264,0.366666666666667,0.423333333333333,0.353741496598639,0.0408163265306122,46.33,93.01,6,0.142517814726841,10,2.83666666666667,0.593
433571,"2011-03-01","Sri Lanka","Kenya","Sri Lanka",0.455284552845528,0.479674796747967,0.377358490566038,0.566037735849057,0.420454545454545,0.526515151515151,0.32520325203252,0,47.09,30.65,6,0,1,8.76333333333333,-0.627
433572,"2011-03-02","England","Ireland","Ireland",0.608552631578947,0.351973684210526,0.609699769053118,0.353348729792148,0.596666666666667,0.366666666666667,0.342105263157895,0.0986842105263158,103.3,102.41,6,0.0203665987780041,5,6.235,-0.017
433573,"2011-03-03","Netherlands","South Africa","South Africa",0.412844036697248,0.587155963302752,0.6,0.4,0.578073089700997,0.421926910299003,0.305810397553517,0.146788990825688,55.36,177.32,6,0.0289855072463768,9,3.48833333333333,0.704
433574,"2011-03-03","Canada","Pakistan","Pakistan",0.24375,0.69375,0.342105263157895,0.576315789473684,0.281853281853282,0.640926640926641,0.375,0.0375,61.98,72.19,6,0.0705882352941176,9,3.24,0.286
433575,"2011-03-04","New Zealand","Zimbabwe","New Zealand",0.335483870967742,0.193548387096774,0.350746268656716,0.206467661691542,0.276978417266187,0.233812949640288,0.335483870967742,0,40.54,30.48,6,0,0,5.12666666666667,-0.33
433576,"2011-03-04","Bangladesh","West Indies","West Indies",0.535714285714286,0.410714285714286,0.290697674418605,0.494186046511628,0.333333333333333,0.508771929824561,0.5,0,51.7,31.48,6,0.0819672131147541,1,6.055,-0.753
433578,"2011-03-06","India","Ireland","India",0.417989417989418,0.444444444444444,0.389027431421446,0.408977556109726,0.380622837370242,0.453287197231834,0.338624338624339,0.0317460317460317,50.7,64.55,8,0.0434782608695652,4,4.825,-0.08
433579,"2011-03-06","England","South Africa","England",0.357615894039735,0.516556291390728,0.321695760598504,0.566084788029925,0.364963503649635,0.514598540145985,0.291390728476821,0.0397350993377483,40.66,50.73,6,0.0843881856540084,9,3.34,0.039
433580,"2011-03-07","Canada","Kenya","Canada",0.179347826086957,0.472826086956522,0.185096153846154,0.526442307692308,0.166666666666667,0.53,0.347826086956522,0.0652173913043478,34.65,48.2,7,0.0883002207505519,4,4.75571428571429,-0.09
433581,"2011-03-08","New Zealand","Pakistan","New Zealand",0.241007194244604,0.643884892086331,0.395505617977528,0.548314606741573,0.389438943894389,0.570957095709571,0.258992805755396,0.280575539568345,93.35,105.33,6,0.072463768115942,10,4.44833333333333,0.394
433582,"2011-03-09","India","Netherlands","India",0.468926553672316,0.152542372881356,0.494444444444444,0.272222222222222,0.523131672597865,0.241992882562278,0.338983050847458,0.135593220338983,57.73,33.14,6,0.0550964187327824,5,5.40166666666667,-0.27
433583,"2011-03-10","Sri Lanka","Zimbabwe","Sri Lanka",0.897435897435897,0.0769230769230769,0.939546599496222,0.0428211586901763,0.920265780730897,0.0564784053156146,0.474358974358974,0.0192307692307692,88.08,121.43,6,0.0256410256410256,10,4.48166666666667,0.444
433584,"2011-03-11","Ireland","West Indies","West Indies",0.539923954372624,0.418250950570342,0.665178571428571,0.270089285714286,0.66,0.283333333333333,0.365019011406844,0.136882129277567,45.63,95.47,6,0.102040816326531,9,4.90166666666667,0.167
433585,"2011-03-11","Bangladesh","England","Bangladesh",0.465116279069767,0.446511627906977,0.5525,0.3425,0.503355704697987,0.419463087248322,0.316279069767442,0,66.91,82.99,6,0.0408163265306122,6,4.625,-0.02
433586,"2011-03-12","India","South Africa","South Africa",0.900355871886121,0.0889679715302491,0.836734693877551,0.131519274376417,0.825938566552901,0.119453924914676,0.384341637010676,0.0854092526690391,104.17,55.95,6,0,6,5.84166666666667,-0.007
433587,"2011-03-13","Canada","New Zealand","New Zealand",0.458823529411765,0.45,0.641425389755011,0.33184855233853,0.642384105960265,0.33112582781457,0.411764705882353,0.211764705882353,73.04,145.05,8,0.0604838709677419,8,5.70625,0.284
433588,"2011-03-13","Australia","Kenya","Australia",0.406666666666667,0.553333333333333,0.495575221238938,0.484513274336283,0.498338870431894,0.478405315614618,0.426666666666667,0.06,90.82,97.12,7,0.04,3,5.13142857142857,0.199
433590,"2011-03-14","Bangladesh","Netherlands","Bangladesh",0.291390728476821,0.688741721854305,0.358126721763085,0.539944903581267,0.377697841726619,0.543165467625899,0.211920529801325,0.0794701986754967,41.69,61.76,6,0.145631067961165,4,4.05833333333333,-0.173
433591,"2011-03-15","Ireland","South Africa","South Africa",0.254752851711027,0.665399239543726,0.266187050359712,0.618705035971223,0.253333333333333,0.653333333333333,0.380228136882129,0.0684410646387833,82.4,80.56,6,0.0602409638554217,10,4.37666666666667,0.496
433592,"2011-03-16","Australia","Canada","Australia",0.523076923076923,0.261538461538462,0.496402877697842,0.287769784172662,0.458181818181818,0.287272727272727,0.430769230769231,0.0923076923076923,95.31,71.2,6,0.0289855072463768,3,8.32666666666667,-0.303
433593,"2011-03-17","England","West Indies","England",0.447963800904977,0.3710407239819,0.343065693430657,0.435523114355231,0.333333333333333,0.45578231292517,0.398190045248869,0.0271493212669683,101.05,53.07,6,0.135135135135135,9,5.23333333333333,0.081
433594,"2011-03-18","New Zealand","Sri Lanka","Sri Lanka",0.475609756097561,0.467479674796748,0.470212765957447,0.487234042553191,0.495049504950495,0.455445544554455,0.357723577235772,0.0975609756097561,49.85,78.24,6,0,10,4.62666666666667,0.453
433595,"2011-03-18","Ireland","Netherlands","Ireland",0.173010380622837,0.788927335640138,0.165938864628821,0.779475982532751,0.191419141914191,0.778877887788779,0.470588235294118,0.0830449826989619,71.6,90.56,7,0.0843881856540084,4,7.16285714285714,-0.047
433596,"2011-03-19","Australia","Pakistan","Pakistan",0.434782608695652,0.490683229813665,0.480314960629921,0.409448818897638,0.460714285714286,0.428571428571429,0.248447204968944,0.0372670807453416,55.44,61.98,5,0.0731707317073171,6,4.258,-0.18
433597,"2011-03-19","Bangladesh","South Africa","South Africa",0.595667870036101,0.310469314079422,0.646489104116223,0.307506053268765,0.676666666666667,0.283333333333333,0.389891696750903,0.0433212996389892,81.13,119.32,5,0.25,9,2.558,0.741
433598,"2011-03-20","Kenya","Zimbabwe","Zimbabwe",0.304498269896194,0.629757785467128,0.407239819004525,0.572398190045249,0.44,0.54,0.498269896193772,0.124567474048443,61.58,122.98,5,0.0277777777777778,8,3.914,0.555
433599,"2011-03-20","India","West Indies","India",0.329365079365079,0.595238095238095,0.381609195402299,0.537931034482759,0.359322033898305,0.579661016949153,0.365079365079365,0.0476190476190476,70.75,81.3,7,0.0232558139534884,9,4.40142857142857,0.316
433600,"2011-03-23","Pakistan","West Indies","Pakistan",0.386138613861386,0.445544554455446,0.35149863760218,0.457765667574932,0.347328244274809,0.446564885496183,0.277227722772277,0.0594059405940594,58.06,13.95,4,0.146341463414634,0,5.17,-0.583
433601,"2011-03-24","India","Australia","India",0.730923694779116,0.244979919678715,0.698630136986301,0.285388127853881,0.726666666666667,0.253333333333333,0.337349397590361,0.072289156626506,79.8,69.03,7,0.0210970464135021,4,5.44857142857143,-0.047
433602,"2011-03-25","New Zealand","South Africa","New Zealand",0.42512077294686,0.497584541062802,0.429223744292237,0.511415525114155,0.463333333333333,0.493333333333333,0.289855072463768,0.0579710144927536,58.58,69.96,5,0.0462962962962963,9,4.002,0.236
433603,"2011-03-26","Sri Lanka","England","Sri Lanka",0.527272727272727,0.468181818181818,0.569377990430622,0.411483253588517,0.553333333333333,0.436666666666667,0.218181818181818,0,59.74,65.51,6,0.0508905852417303,0,5.30166666666667,-0.21
433604,"2011-03-29","Sri Lanka","New Zealand","Sri Lanka",0.346341463414634,0.604878048780488,0.381609195402299,0.554022988505747,0.408163265306122,0.534013605442177,0.31219512195122,0.0585365853658537,59.26,94.24,7,0.0842105263157895,5,5.02571428571429,-0.043
433605,"2011-03-30","India","Pakistan","India",0.619834710743802,0.289256198347107,0.555056179775281,0.346067415730337,0.56953642384106,0.341059602649007,0.495867768595041,0,103.43,48.67,5,0.0404040404040404,10,4.638,0.119
433606,"2011-04-02","India","Sri Lanka","India",0.316793893129771,0.599236641221374,0.448770491803279,0.530737704918033,0.450331125827815,0.519867549668874,0.412213740458015,0.0458015267175573,49.66,76.36,6,0,4,5.58166666666667,-0.033
656399,"2015-02-14","New Zealand","Sri Lanka","New Zealand",0.537735849056604,0.462264150943396,0.527272727272727,0.472727272727273,0.580858085808581,0.419141914191419,0.427672955974843,0.0754716981132075,99.79,112.74,7,0.0216919739696312,10,5.41142857142857,0.307
656401,"2015-02-14","Australia","England","Australia",0.465875370919881,0.44213649851632,0.437641723356009,0.501133786848073,0.49,0.46,0.451038575667656,0.0534124629080119,75.89,103.82,7,0.0240963855421687,9,6.00571428571429,0.328
656403,"2015-02-15","South Africa","Zimbabwe","South Africa",0.13125,0.86875,0.268585131894484,0.731414868105516,0.245033112582781,0.754966887417219,0.2375,0.2625,53.68,111.48,6,0.020746887966805,9,5.66,0.193
656405,"2015-02-15","India","Pakistan","India",0.663265306122449,0.32312925170068,0.745054945054945,0.241758241758242,0.737541528239203,0.249169435215947,0.312925170068027,0.102040816326531,85.32,82.65,6,0.0851063829787234,10,4.91333333333333,0.258
656407,"2015-02-16","Ireland","West Indies","Ireland",0.183673469387755,0.724489795918367,0.269230769230769,0.65625,0.296666666666667,0.66,0.380952380952381,0.244897959183673,65.19,80.53,8,0.021978021978022,5,7.34625,-0.083
656409,"2015-02-17","New Zealand","Scotland","New Zealand",0.00735294117647059,0.88235294117647,0.0830769230769231,0.756923076923077,0.055045871559633,0.81651376146789,0.411764705882353,0.0882352941176471,3.33,52.79,4,0,7,5.875,-0.156
656411,"2015-02-18","Afghanistan","Bangladesh","Bangladesh",0.299212598425197,0.62992125984252,0.402298850574713,0.531034482758621,0.406666666666667,0.536666666666667,0.377952755905512,0.0708661417322835,69.98,84.45,7,0.0705882352941176,8,3.86571428571429,0.412
656413,"2015-02-19","United Arab Emirates","Zimbabwe","Zimbabwe",0.243243243243243,0.571428571428571,0.378048780487805,0.5,0.385382059800664,0.495016611295681,0.463320463320463,0.0926640926640927,52.08,91.67,6,0.0208333333333333,6,6.15833333333333,-0.04
656415,"2015-02-20","New Zealand","England","New Zealand",0.345454545454545,0.6,0.308441558441558,0.600649350649351,0.29,0.6,0.327272727272727,0,72.95,37.5,4,0.0819672131147541,2,11.5325,-0.611
656417,"2015-02-21","Pakistan","West Indies","West Indies",0.264808362369338,0.588850174216028,0.378619153674833,0.583518930957684,0.395348837209302,0.561461794019934,0.390243902439024,0.146341463414634,58.86,101.88,5,0.128205128205128,10,3.948,0.521
656421,"2015-02-22","Afghanistan","Sri Lanka","Sri Lanka",0.421052631578947,0.421052631578947,0.363849765258216,0.516431924882629,0.367892976588629,0.501672240802676,0.382775119617225,0.143540669856459,77.47,62.18,7,0.0209205020920502,5,5.17857142857143,-0.033
656423,"2015-02-22","India","South Africa","India",0.616161616161616,0.353535353535354,0.69281045751634,0.265795206971678,0.701986754966887,0.264900662251656,0.417508417508417,0.101010101010101,56.83,116.32,6,0.0248756218905473,8,4.22833333333333,0.436
656425,"2015-02-23","England","Scotland","England",0.680851063829787,0.312056737588652,0.665127020785219,0.30715935334873,0.697674418604651,0.282392026578073,0.312056737588652,0.148936170212766,79.56,94.91,6,0.0710900473933649,10,4.34666666666667,0.42
656429,"2015-02-25","Ireland","United Arab Emirates","Ireland",0.222222222222222,0.559386973180077,0.302816901408451,0.507042253521127,0.332225913621262,0.508305647840532,0.383141762452107,0.0229885057471264,38.46,60.71,6,0.0203252032520325,8,5.63,-0.013
656431,"2015-02-26","Afghanistan","Scotland","Afghanistan",0.162162162162162,0.508108108108108,0.231292517006803,0.430839002267574,0.219269102990033,0.451827242524917,0.475675675675676,0,28.66,71.66,5,0.0405679513184584,9,4.264,-0.01
656435,"2015-02-27","South Africa","West Indies","South Africa",0.354591836734694,0.645408163265306,0.537078651685393,0.462921348314607,0.584158415841584,0.415841584158416,0.306122448979592,0.168367346938776,75.19,181.72,5,0.0604229607250755,10,4.53,0.654
656437,"2015-02-28","New Zealand","Australia","New Zealand",0.510791366906475,0.122302158273381,0.370860927152318,0.201986754966887,0.407216494845361,0.175257731958763,0.316546762589928,0.172661870503597,119.2,34.09,5,0.0432900432900433,9,7.72,-0.047
656439,"2015-02-28","India","United Arab Emirates","India",0.134831460674157,0.651685393258427,0.257142857142857,0.587755102040816,0.253968253968254,0.571428571428571,0.449438202247191,0.0674157303370786,30.86,43.73,5,0.0540540540540541,1,5.846,-0.623
656441,"2015-03-01","England","Sri Lanka","Sri Lanka",0.240549828178694,0.728522336769759,0.31390134529148,0.643497757847534,0.311258278145695,0.662251655629139,0.481099656357388,0.103092783505155,63.76,117.72,6,0.0211864406779661,1,6.36,-0.053
656443,"2015-03-01","Pakistan","Zimbabwe","Pakistan",0.130232558139535,0.590697674418605,0.244988864142539,0.590200445434298,0.213333333333333,0.606666666666667,0.297674418604651,0.027906976744186,24.16,65.6,5,0.0809716599190283,9,4.23,0.093
656445,"2015-03-03","Ireland","South Africa","South Africa",0.6725,0.3275,0.762589928057554,0.237410071942446,0.795379537953795,0.204620462046205,0.37,0.18,83.07,223.33,8,0.0222222222222222,10,5.0325,0.501
656447,"2015-03-04","Pakistan","United Arab Emirates","Pakistan",0.51702786377709,0.464396284829721,0.646396396396396,0.34009009009009,0.664451827242525,0.332225913621262,0.284829721362229,0.185758513931889,68.74,180.99,7,0.1,8,3.96571428571429,0.398
656449,"2015-03-04","Australia","Afghanistan","Australia",0.6925,0.3075,0.801369863013699,0.198630136986301,0.792079207920792,0.207920792079208,0.36,0.21,91.73,163.35,7,0.0536193029490617,10,3.91857142857143,0.686
656451,"2015-03-05","Bangladesh","Scotland","Bangladesh",0.598070739549839,0.385852090032154,0.52914798206278,0.446188340807175,0.588039867109635,0.39202657807309,0.360128617363344,0.173633440514469,91.93,119.5,6,0.0207900207900208,4,7,-0.037
656453,"2015-03-06","India","West Indies","India",0.180124223602484,0.347826086956522,0.201570680628272,0.463350785340314,0.203007518796992,0.454887218045113,0.322981366459627,0.186335403726708,45.45,34.25,6,0.0255754475703325,6,4.44666666666667,-0.217
656457,"2015-03-07","Ireland","Zimbabwe","Ireland",0.477848101265823,0.493670886075949,0.55952380952381,0.402380952380952,0.577557755775578,0.389438943894389,0.354430379746835,0.151898734177215,82.39,168.54,6,0.0405679513184584,10,7.29333333333333,0.016
656459,"2015-03-08","New Zealand","Afghanistan","New Zealand",0.162790697674419,0.401162790697674,0.175519630484988,0.501154734411085,0.195804195804196,0.503496503496504,0.511627906976744,0.104651162790698,24.32,34.77,5,0.0831024930747922,2,5.148,-0.277
656461,"2015-03-08","Australia","Sri Lanka","Australia",0.283783783783784,0.64054054054054,0.376168224299065,0.565420560747664,0.413333333333333,0.543333333333333,0.410810810810811,0.12972972972973,85.6,113.97,6,0,8,6.705,0.173
656463,"2015-03-09","Bangladesh","England","Bangladesh",0.168582375478927,0.796934865900383,0.221445221445221,0.745920745920746,0.20265780730897,0.774086378737541,0.32183908045977,0.114942528735632,68.5,85.05,6,0,8,5.46166666666667,0.057
656465,"2015-03-10","India","Ireland","India",0.44758064516129,0.42741935483871,0.452879581151832,0.342931937172775,0.486394557823129,0.36734693877551,0.354838709677419,0.169354838709677,65.56,83.93,6,0,2,7.05666666666667,-0.263
656467,"2015-03-11","Scotland","Sri Lanka","Sri Lanka",0.662857142857143,0.24,0.69815668202765,0.179723502304147,0.716666666666667,0.17,0.32,0.24,84.87,131.1,6,0,10,4.85833333333333,0.422
656469,"2015-03-12","South Africa","United Arab Emirates","South Africa",0.248466257668712,0.720858895705521,0.352017937219731,0.618834080717489,0.360655737704918,0.619672131147541,0.343558282208589,0.128834355828221,73.51,127.85,7,0.126849894291755,9,3.78428571428571,0.446
656471,"2015-03-13","New Zealand","Bangladesh","New Zealand",0.23321554770318,0.72791519434629,0.364896073903002,0.605080831408776,0.346666666666667,0.63,0.438162544169611,0.127208480565371,48.86,116.44,8,0.0412371134020619,7,6.0775,-0.023
656475,"2015-03-14","India","Zimbabwe","India",0.0647482014388489,0.87410071942446,0.159036144578313,0.739759036144578,0.156996587030717,0.761092150170648,0.330935251798561,0.258992805755396,36.55,116.42,7,0.0413223140495868,3,6.03285714285714,-0.027
656477,"2015-03-14","Australia","Scotland","Australia",0.512396694214876,0.0826446280991736,0.477272727272727,0.195454545454545,0.422077922077922,0.227272727272727,0.694214876033058,0,76.69,15.41,4,0.0657894736842105,3,11.45,-0.546
656479,"2015-03-15","United Arab Emirates","West Indies","West Indies",0.0745341614906832,0.428571428571429,0.1325,0.475,0.111888111888112,0.454545454545455,0.447204968944099,0.0745341614906832,42.1,54.97,5,0.033003300330033,4,5.954,-0.39
656481,"2015-03-15","Ireland","Pakistan","Pakistan",0.537777777777778,0.297777777777778,0.511792452830189,0.35377358490566,0.523333333333333,0.333333333333333,0.337777777777778,0.0533333333333333,60.09,74.08,6,0.0433839479392625,2,5.16333333333333,-0.077
656483,"2015-03-18","South Africa","Sri Lanka","South Africa",0.406779661016949,0.542372881355932,0.546583850931677,0.363354037267081,0.5,0.438053097345133,0.305084745762712,0,25.62,42.44,6,0,1,8.97,-0.64
656485,"2015-03-19","Bangladesh","India","India",0.594405594405594,0.395104895104895,0.64468085106383,0.34468085106383,0.609271523178808,0.380794701986755,0.405594405594406,0.0839160839160839,68.74,112.48,6,0.0888888888888889,9,4.40833333333333,0.38
656487,"2015-03-20","Australia","Pakistan","Australia",0.275862068965517,0.522167487684729,0.329297820823245,0.443099273607748,0.287625418060201,0.478260869565217,0.295566502463054,0.0886699507389163,57.63,89.21,6,0,4,6.105,-0.323
656489,"2015-03-21","New Zealand","West Indies","New Zealand",0.736292428198433,0.242819843342037,0.647982062780269,0.336322869955157,0.684385382059801,0.308970099667774,0.407310704960835,0.234986945169713,129.89,147.01,5,0.132013201320132,10,9.214,0.372
656493,"2015-03-26","Australia","India","Australia",0.630573248407643,0.261146496815287,0.67816091954023,0.239080459770115,0.72,0.226666666666667,0.420382165605096,0.152866242038217,118.05,128.99,6,0.043010752688172,8,4.94333333333333,0.302
656495,"2015-03-29","Australia","New Zealand","Australia",0.158823529411765,0.723529411764706,0.251219512195122,0.6,0.259259259259259,0.592592592592593,0.282352941176471,0.105882352941176,26.82,39.19,5,0,3,5.826,-0.337
1144483,"2019-05-30","England","South Africa","England",0.348837209302326,0.554817275747508,0.373303167420814,0.540723981900452,0.376666666666667,0.546666666666667,0.385382059800664,0.0598006644518272,62.77,88.37,6,0.0253164556962025,9,4.805,0.344
1144484,"2019-05-31","Pakistan","West Indies","West Indies",0.455445544554455,0.326732673267327,0.399103139013453,0.417040358744395,0.454545454545455,0.378787878787879,0.356435643564356,0.178217821782178,74.11,59.84,3,0.0746268656716418,3,8.32666666666667,-0.546
1144485,"2019-06-01","New Zealand","Sri Lanka","New Zealand",0.68,0.04,0.636678200692042,0.1280276816609,0.617977528089888,0.151685393258427,0.352,0.096,127.58,13.94,5,0,0,8.39,-0.677
1144486,"2019-06-01","Afghanistan","Australia","Australia",0.22051282051282,0.548717948717949,0.273224043715847,0.592896174863388,0.281385281385281,0.597402597402597,0.492307692307692,0.215384615384615,23.89,70.69,6,0.0579710144927536,3,6.07333333333333,-0.303
1144487,"2019-06-02","Bangladesh","South Africa","Bangladesh",0.43042071197411,0.553398058252427,0.476718403547672,0.514412416851441,0.476666666666667,0.513333333333333,0.478964401294498,0.058252427184466,94.82,116.72,6,0.02,7,6.285,0.068
1144488,"2019-06-03","England","Pakistan","Pakistan",0.435975609756098,0.490853658536585,0.520787746170678,0.442013129102845,0.546666666666667,0.416666666666667,0.353658536585366,0.109756097560976,87.1,121.94,6,0,9,6.21166666666667,0.043
1144490,"2019-06-05","India","South Africa","India",0.248847926267281,0.414746543778802,0.279445727482679,0.478060046189376,0.266666666666667,0.496666666666667,0.23963133640553,0.0829493087557604,65.28,54.99,5,0.0845665961945032,4,4.8,-0.05
1144491,"2019-06-05","Bangladesh","New Zealand","New Zealand",0.5,0.336283185840708,0.434090909090909,0.452272727272727,0.442567567567568,0.442567567567568,0.371681415929204,0.0265486725663717,85.75,57.96,6,0,8,5.41,-0.057
1144492,"2019-06-06","Australia","West Indies","Australia",0.0842911877394636,0.524904214559387,0.138461538461538,0.628571428571429,0.125423728813559,0.620338983050847,0.444444444444444,0.0919540229885057,55.31,58.82,6,0.1,8,5.19333333333333,0.057
1144494,"2019-06-08","England","Bangladesh","England",0.6,0.328,0.63019693654267,0.336980306345733,0.664451827242525,0.305647840531561,0.298666666666667,0.224,100.28,140.56,6,0.0618556701030928,10,5.48,0.282
1144495,"2019-06-08","Afghanistan","New Zealand","New Zealand",0.396341463414634,0.463414634146341,0.287206266318538,0.511749347258486,0.283400809716599,0.526315789473684,0.609756097560976,0.0365853658536585,67.66,82.61,5,0.0311526479750779,3,5.22,-0.357
1144496,"2019-06-09","Australia","India","India",0.748538011695906,0.251461988304094,0.850325379609544,0.149674620390456,0.853333333333333,0.146666666666667,0.362573099415205,0.140350877192982,98.41,245.76,6,0.02,8,7.36833333333333,0.105
1144499,"2019-06-12","Australia","Pakistan","Australia",0.690972222222222,0.28125,0.664319248826291,0.269953051643192,0.7003367003367,0.245791245791246,0.375,0.125,90.31,124.05,6,0.0220264317180617,9,5.98,0.142
1144501,"2019-06-14","England","West Indies","England",0.251282051282051,0.676923076923077,0.292079207920792,0.52970297029703,0.294776119402985,0.567164179104478,0.287179487179487,0.184615384615385,49.82,95.82,7,0,2,6.31714285714286,-0.337
1144502,"2019-06-15","Australia","Sri Lanka","Australia",0.590625,0.39375,0.613793103448276,0.360919540229885,0.664451827242525,0.318936877076412,0.375,0.13125,73.35,118.6,5,0.021978021978022,10,5.344,0.271
1144505,"2019-06-17","Bangladesh","West Indies","Bangladesh",0.555183946488294,0.361204013377926,0.687912087912088,0.189010989010989,0.67,0.243333333333333,0.267558528428094,0.220735785953177,61.27,123.91,6,0,2,8.20166666666667,-0.17
1144506,"2019-06-18","England","Afghanistan","England",0.525773195876289,0.471649484536082,0.718969555035129,0.266978922716628,0.704318936877076,0.292358803986711,0.216494845360825,0.38659793814433,94.03,171.56,6,0.04,8,4.725,0.386
1144507,"2019-06-19","New Zealand","South Africa","New Zealand",0.360869565217391,0.61304347826087,0.404705882352941,0.567058823529412,0.428571428571429,0.547619047619048,0.31304347826087,0.104347826086957,64.82,67.76,5,0.020703933747412,6,5.136,-0.01
1144508,"2019-06-20","Australia","Bangladesh","Australia",0.834688346883469,0.165311653116531,0.876993166287016,0.123006833712984,0.897009966777409,0.102990033222591,0.368563685636856,0.16260162601626,113.48,165.51,6,0.02,7,6.73833333333333,0.13
1144509,"2019-06-21","England","Sri Lanka","Sri Lanka",0.234234234234234,0.720720720720721,0.171912832929782,0.7409200968523,0.176666666666667,0.77,0.27027027027027,0.0810810810810811,57.16,50.81,6,0.0425531914893617,10,4.855,0.09
1144510,"2019-06-22","Afghanistan","India","India",0.451612903225806,0.534562211981567,0.471215351812367,0.501066098081023,0.42,0.566666666666667,0.276497695852535,0.0276497695852535,57.65,69.7,5,0.0606060606060606,10,4.112,0.05
1144511,"2019-06-22","New Zealand","West Indies","New Zealand",0.522968197879859,0.441696113074205,0.477707006369427,0.503184713375796,0.518272425249169,0.465116279069767,0.325088339222615,0.0848056537102474,32.03,134,6,0.0408163265306122,10,5.795,0.018
1144512,"2019-06-23","Pakistan","South Africa","Pakistan",0.530405405405405,0.45945945945946,0.605664488017429,0.376906318082789,0.622516556291391,0.367549668874172,0.418918918918919,0.101351351351351,83.37,116.19,6,0.04,9,5.25833333333333,0.165
1144513,"2019-06-24","Afghanistan","Bangladesh","Bangladesh",0.407114624505929,0.58498023715415,0.416091954022988,0.567816091954023,0.463333333333333,0.53,0.268774703557312,0.0237154150197628,78.65,85.57,6,0.0425531914893617,9,4.18,0.244
1144514,"2019-06-25","England","Australia","Australia",0.635379061371841,0.346570397111913,0.630232558139535,0.316279069767442,0.686666666666667,0.28,0.433212996389892,0.0649819494584837,84.13,113.96,6,0.045045045045045,10,5.14833333333333,0.23
1144515,"2019-06-26","New Zealand","Pakistan","Pakistan",0.254385964912281,0.723684210526316,0.343612334801762,0.629955947136564,0.3,0.683333333333333,0.31578947368421,0.105263157894737,85,55.34,8,0,3,5.6025,-0.017
1144516,"2019-06-27","India","West Indies","India",0.528735632183908,0.471264367816092,0.573593073593074,0.402597402597403,0.563333333333333,0.426666666666667,0.413793103448276,0.0689655172413793,80.35,89.13,6,0.0584795321637427,10,3.845,0.477
1144517,"2019-06-28","South Africa","Sri Lanka","South Africa",0.327868852459016,0.415300546448087,0.238307349665924,0.514476614699332,0.215488215488215,0.562289562289562,0.349726775956284,0.0327868852459016,63.89,45.17,6,0.053763440860215,1,5.53666666666667,-0.253
1144518,"2019-06-29","Afghanistan","Pakistan","Pakistan",0.239234449760766,0.593301435406699,0.178899082568807,0.61697247706422,0.186666666666667,0.626666666666667,0.401913875598086,0.0574162679425837,68.8,70.65,6,0.0202429149797571,5,4.79166666666667,-0.007
1144519,"2019-06-29","Australia","New Zealand","Australia",0.48068669527897,0.420600858369099,0.531453362255965,0.379609544468547,0.556666666666667,0.37,0.412017167381974,0,63.7,65.47,8,0.0460829493087558,10,4.06875,0.368
1144520,"2019-06-30","England","India","England",0.671732522796353,0.325227963525836,0.72354211663067,0.248380129589633,0.733333333333333,0.253333333333333,0.328267477203647,0.237082066869301,99.7,136.85,6,0.06,5,6.37666666666667,0.094
1144521,"2019-07-01","Sri Lanka","West Indies","Sri Lanka",0.626959247648903,0.35423197492163,0.650423728813559,0.338983050847458,0.662295081967213,0.327868852459016,0.401253918495298,0.0564263322884013,97.71,102.87,7,0,6,5.97714285714286,0.072
1144522,"2019-07-02","Bangladesh","India","India",0.687707641196013,0.302325581395349,0.665929203539823,0.285398230088496,0.700996677740864,0.282392026578073,0.358803986710963,0.13953488372093,97.67,78,5,0.0208333333333333,10,5.942,0.093
1144523,"2019-07-03","England","New Zealand","England",0.655172413793103,0.23448275862069,0.61038961038961,0.29004329004329,0.616666666666667,0.3,0.441379310344828,0.0206896551724138,100.48,68.44,7,0.0222222222222222,8,4.02714285714286,0.409
1144524,"2019-07-04","Afghanistan","West Indies","West Indies",0.476510067114094,0.523489932885906,0.596736596736597,0.391608391608392,0.626666666666667,0.373333333333333,0.335570469798658,0.241610738255034,65.64,185.76,7,0.04,9,6.00714285714286,0.077
1144525,"2019-07-05","Bangladesh","Pakistan","Pakistan",0.698996655518395,0.264214046822742,0.655773420479303,0.270152505446623,0.760797342192691,0.199335548172757,0.40133779264214,0.020066889632107,79.96,118.34,6,0.0226757369614512,10,4.85833333333333,0.313
1144526,"2019-07-06","India","Sri Lanka","India",0.192771084337349,0.795180722891566,0.214123006833713,0.760820045558087,0.172757475083056,0.813953488372093,0.385542168674699,0.0481927710843374,94.21,67.46,5,0.023094688221709,3,6.246,-0.13
1144527,"2019-07-06","Australia","South Africa","South Africa",0.617940199335548,0.382059800664452,0.592074592074592,0.407925407925408,0.606666666666667,0.393333333333333,0.345514950166113,0.13953488372093,100.08,94.74,7,0.0404040404040404,9,6.25571428571429,0.033
1144528,"2019-07-09","India","New Zealand","New Zealand",0.434389140271493,0.506787330316742,0.516198704103672,0.429805615550756,0.533333333333333,0.43,0.271493212669683,0.0271493212669683,44.19,99.94,6,0.101419878296146,9,4.77166666666667,0.081
1144529,"2019-07-11","Australia","England","England",0.454106280193237,0.347826086956522,0.505720823798627,0.324942791762014,0.445578231292517,0.363945578231293,0.289855072463768,0.0579710144927536,51.08,48.67,6,0.0623052959501558,2,9.095,-0.357
1144530,"2019-07-14","England","New Zealand",NA,0.492890995260663,0.459715639810427,0.483193277310924,0.455882352941176,0.491694352159468,0.465116279069767,0.265402843601896,0.0568720379146919,77.86,66.36,6,0.08,8,4.66666666666667,0
